Day,Content Marketing: (United Kingdom)
01/03/2020,59
02/03/2020,63
03/03/2020,49
04/03/2020,77
05/03/2020,86
06/03/2020,66
07/03/2020,38
08/03/2020,30
09/03/2020,94
10/03/2020,55
11/03/2020,28
12/03/2020,27
13/03/2020,29
14/03/2020,31
15/03/2020,22
16/03/2020,34
17/03/2020,41
18/03/2020,54
19/03/2020,56
20/03/2020,41
21/03/2020,30
22/03/2020,23
23/03/2020,100
24/03/2020,45
25/03/2020,47
26/03/2020,61
27/03/2020,31
28/03/2020,28
29/03/2020,57
30/03/2020,51
31/03/2020,32
01/04/2020,45
02/04/2020,32
03/04/2020,46
04/04/2020,29
05/04/2020,15
06/04/2020,57
07/04/2020,26
08/04/2020,47
09/04/2020,53
10/04/2020,70
11/04/2020,37
12/04/2020,22
13/04/2020,63
14/04/2020,27
15/04/2020,82
16/04/2020,54
17/04/2020,39
18/04/2020,41
19/04/2020,51
20/04/2020,57
21/04/2020,39
22/04/2020,33
23/04/2020,25
24/04/2020,40
25/04/2020,51
26/04/2020,14
27/04/2020,19
28/04/2020,37
29/04/2020,32
30/04/2020,35
01/05/2020,26
02/05/2020,49
03/05/2020,36
04/05/2020,38
05/05/2020,42
06/05/2020,45
07/05/2020,33
08/05/2020,21
09/05/2020,72
10/05/2020,74
11/05/2020,19
12/05/2020,77
13/05/2020,76
14/05/2020,26
15/05/2020,20
16/05/2020,71
17/05/2020,64
18/05/2020,38
19/05/2020,84
20/05/2020,47
21/05/2020,40
22/05/2020,31
23/05/2020,41
24/05/2020,50
25/05/2020,45
