Day,Digital Marketing: (United Kingdom)
01/03/2020,49
02/03/2020,76
03/03/2020,77
04/03/2020,100
05/03/2020,59
06/03/2020,66
07/03/2020,60
08/03/2020,72
09/03/2020,67
10/03/2020,67
11/03/2020,80
12/03/2020,70
13/03/2020,48
14/03/2020,33
15/03/2020,59
16/03/2020,63
17/03/2020,51
18/03/2020,48
19/03/2020,69
20/03/2020,40
21/03/2020,44
22/03/2020,37
23/03/2020,41
24/03/2020,49
25/03/2020,51
26/03/2020,49
27/03/2020,46
28/03/2020,38
29/03/2020,41
30/03/2020,49
31/03/2020,48
01/04/2020,63
02/04/2020,55
03/04/2020,48
04/04/2020,50
05/04/2020,34
06/04/2020,53
07/04/2020,48
08/04/2020,59
09/04/2020,55
10/04/2020,47
11/04/2020,53
12/04/2020,51
13/04/2020,43
14/04/2020,54
15/04/2020,41
16/04/2020,60
17/04/2020,54
18/04/2020,45
19/04/2020,62
20/04/2020,62
21/04/2020,64
22/04/2020,67
23/04/2020,44
24/04/2020,52
25/04/2020,46
26/04/2020,47
27/04/2020,50
28/04/2020,69
29/04/2020,48
30/04/2020,64
01/05/2020,51
02/05/2020,32
03/05/2020,33
04/05/2020,50
05/05/2020,50
06/05/2020,78
07/05/2020,70
08/05/2020,57
09/05/2020,61
10/05/2020,50
11/05/2020,74
12/05/2020,72
13/05/2020,66
14/05/2020,70
15/05/2020,58
16/05/2020,61
17/05/2020,52
18/05/2020,55
19/05/2020,69
20/05/2020,52
21/05/2020,72
22/05/2020,72
23/05/2020,41
24/05/2020,46
25/05/2020,54
